url,orientation,country,pinurl,slug,alt,caption,exclude,header,order
https://res.cloudinary.com/dsxlralvu/image/upload/v1769110336/xxdtprm2mbksfbyidmg9.jpg,portrait,2025recap,,2025recap,,,,,30
https://res.cloudinary.com/dsxlralvu/image/upload/v1769110334/lh3pzy0tjdz7r6gazxtc.jpg,portrait,2025recap,,2025recap,,,,,40
https://res.cloudinary.com/dsxlralvu/image/upload/v1769110334/qvw7vqjz00yefssgmndk.jpg,portrait,2025recap,,2025recap,,,,,25
https://res.cloudinary.com/dsxlralvu/image/upload/v1769126430/rpmwr8uo8ypm5j5rm8cg.jpg,portrait,2025recap,,2025recap,,,,,10
https://res.cloudinary.com/dsxlralvu/image/upload/v1769110333/xkpog2exvfwzf6d4nooh.jpg,portrait,2025recap,,2025recap,,,,,20
https://res.cloudinary.com/dsxlralvu/image/upload/v1769126435/h1oodng6q57vhbqiynxn.jpg,portrait,2025recap,,2025recap,,,,,27
https://res.cloudinary.com/dsxlralvu/image/upload/v1769110333/dficubw63ghfhwy2dlmd.jpg,portrait,2025recap,,2025recap,,,,,27
https://res.cloudinary.com/dsxlralvu/image/upload/v1769110333/f6kmowtvkbq8j81um4ir.jpg,portrait,2025recap,,2025recap,,,,,16
https://res.cloudinary.com/dsxlralvu/image/upload/v1769110332/zh6hjnqqjc0vucjy51ej.jpg,portrait,2025recap,,2025recap,,,,,5
https://res.cloudinary.com/dsxlralvu/image/upload/v1769110332/uw0vjmh7ndjf8ystrl2f.jpg,portrait,2025recap,,2025recap,,,,True,15
https://res.cloudinary.com/dsxlralvu/image/upload/v1769110331/oumuifxhqyqiqilsvzu0.jpg,portrait,2025recap,,2025recap,,,,,1.1
https://res.cloudinary.com/dsxlralvu/image/upload/v1769110331/h8vjph8q6sztewkxlxiq.jpg,portrait,2025recap,,2025recap,,,,,14
https://res.cloudinary.com/dsxlralvu/image/upload/v1769126444/q4fz8ymrx57ixmwodmpg.jpg,portrait,2025recap,,2025recap,,,,,1
https://res.cloudinary.com/dsxlralvu/image/upload/v1769110330/j9bprikkii5fcrdd0qhc.jpg,portrait,2025recap,,2025recap,,,,,10
https://res.cloudinary.com/dsxlralvu/image/upload/v1769126241/ku8ikyfzflbgvhnc1dk8.jpg,portrait,2025recap,,2025recap,,,,,2
https://res.cloudinary.com/dsxlralvu/image/upload/v1769126440/bc8up80rkkvmicnodluh.jpg,portrait,2025recap,,2025recap,,,,,4
https://res.cloudinary.com/dsxlralvu/image/upload/v1769126450/ieycs1oyazu5vnokae4n.jpg,portrait,2025recap,,2025recap,,,,,3
https://res.cloudinary.com/dsxlralvu/image/upload/v1769110329/a8drqgg8twelk0zheauy.jpg,portrait,2025recap,,2025recap,,,,,8
https://res.cloudinary.com/dsxlralvu/image/upload/v1769126455/irqsl4fw373psrfdpqhq.jpg,portrait,2025recap,,2025recap,,,,,9
https://res.cloudinary.com/dsxlralvu/image/upload/v1766017338/ugrvftrsh1ehxreuserk.jpg,portrait,vietnam,https://www.pinterest.com/pin/515873332340988707/,hcmcity,,AK-47 Shooting Range at Cu Chi Tunnels,,,
https://res.cloudinary.com/dsxlralvu/image/upload/v1766015868/xuul7mof4k5r6sbhotub.jpg,portrait,vietnam,https://www.pinterest.com/pin/515873332340988708/,hcmcity,,Pool at De La Sol Apartments,,,
https://res.cloudinary.com/dsxlralvu/image/upload/v1766015711/sid8lyftmvzx9cr5zobo.jpg,portrait,vietnam,https://www.pinterest.com/pin/515873332340988709/,hcmcity,,Ben Thanh Market,,,
https://res.cloudinary.com/dsxlralvu/image/upload/v1765847281/sta6mbzsozq16ufbglix.jpg,portrait,vietnam,https://www.pinterest.com/pin/515873332340988710/,hcmcity,,Street food in District 4,,,
https://res.cloudinary.com/dsxlralvu/image/upload/v1765847281/bsonrq8cvgz8pyekw5zo.jpg,portrait,vietnam,https://www.pinterest.com/pin/515873332340988711/,hcmcity,,Scenery of District 4 - Motorbikes and Palm Trees,,,
https://res.cloudinary.com/dsxlralvu/image/upload/v1765847281/r1wo0xl7htdixzbnli09.jpg,portrait,vietnam,https://www.pinterest.com/pin/515873332340988712/,hcmcity,,Infinity pool view from De La Sol Apartments,,,
https://res.cloudinary.com/dsxlralvu/image/upload/v1765847280/rdkmu5kbgaur3zgcprko.jpg,portrait,vietnam,https://www.pinterest.com/pin/515873332340988713/,hcmcity,,Ceiling of Saigon Central Post Office,,,
https://res.cloudinary.com/dsxlralvu/image/upload/v1765847280/imvknjdk3auwpt4z1bbo.jpg,portrait,vietnam,https://www.pinterest.com/pin/515873332340988715/,hcmcity,,Mural at Ben Thanh Market,,,
https://res.cloudinary.com/dsxlralvu/image/upload/v1765847278/trdvbpyvvpzwww0mtkny.jpg,portrait,vietnam,https://www.pinterest.com/pin/515873332340988716/,hcmcity,,Cafe Apartments,,True,
https://res.cloudinary.com/dsxlralvu/image/upload/v1765847278/oycjiyasbkjspdt7iixg.jpg,portrait,vietnam,https://www.pinterest.com/pin/515873332340988717/,hcmcity,,Outdoor shopping mall,,,
https://res.cloudinary.com/dsxlralvu/image/upload/v1765847277/cdua4xtj9g6wjj0imxz4.jpg,portrait,vietnam,https://www.pinterest.com/pin/515873332340988718/,hcmcity,,View from Arabica Coffee inside of Cafe Apartments,,,
https://res.cloudinary.com/dsxlralvu/image/upload/v1765847276/gb3jw5zbrgrrtdk4abte.jpg,portrait,vietnam,https://www.pinterest.com/pin/515873332340988720/,hcmcity,,Outside of Saigon Central Post Office,,,
https://res.cloudinary.com/dsxlralvu/image/upload/v1765847275/o0hnp2xfli0ba690penv.jpg,portrait,vietnam,https://www.pinterest.com/pin/515873332340988721/,hcmcity,,Hallway in the Cafe Apartments,,,
https://res.cloudinary.com/dsxlralvu/image/upload/v1765847275/oudpfihwg04sri1zk0nu.jpg,portrait,vietnam,https://www.pinterest.com/pin/515873332340988722/,hcmcity,,Ho Chi Minh City Hall,,,
https://res.cloudinary.com/dsxlralvu/image/upload/v1765765593/suq9hx9qbzmbnwmoeha9.jpg,landscape,usa,,redwood_nationalpark,,,True,True,
https://res.cloudinary.com/dsxlralvu/image/upload/v1765669401/tlzjcdvkiir2sqnmglcm.jpg,portrait,japan,,tokyo,,,,,
https://res.cloudinary.com/dsxlralvu/image/upload/v1765669400/aquvaf8u2h9m7xd1x2go.jpg,portrait,japan,,tokyo,,,,,
https://res.cloudinary.com/dsxlralvu/image/upload/v1765669400/xz42xb3etsp7dkwrrsjc.jpg,portrait,japan,,tokyo,,,,,
https://res.cloudinary.com/dsxlralvu/image/upload/v1765669399/hpxqi7gohr8v2gnwxb1f.jpg,portrait,japan,,tokyo,,,,,
https://res.cloudinary.com/dsxlralvu/image/upload/v1765669399/vvhezrsh09oplx3qerq0.jpg,portrait,japan,,tokyo,,,,,
https://res.cloudinary.com/dsxlralvu/image/upload/v1765669399/dmxm8zg7qk0enis39hll.jpg,portrait,japan,,tokyo,,,,,
https://res.cloudinary.com/dsxlralvu/image/upload/v1765669399/lgdmrhwggsoqelrtfce4.jpg,portrait,japan,,tokyo,,,,,
https://res.cloudinary.com/dsxlralvu/image/upload/v1765669398/f0i6tmvpwb8nj0zlurib.jpg,portrait,japan,,tokyo,,,,,
https://res.cloudinary.com/dsxlralvu/image/upload/v1765669398/hcxnfhdxqgvfuob7gcse.jpg,portrait,japan,,tokyo,,,,,
https://res.cloudinary.com/dsxlralvu/image/upload/v1765669398/zbxtupjm9gezkbzwr9ma.jpg,portrait,japan,,tokyo,,,,,
https://res.cloudinary.com/dsxlralvu/image/upload/v1765669397/t7ify9hmsh7r2hkkgyxq.jpg,portrait,japan,,tokyo,,,,,
https://res.cloudinary.com/dsxlralvu/image/upload/v1765669396/nn7qfnygjvsyq0gp8332.jpg,portrait,japan,,tokyo,,,,,
https://res.cloudinary.com/dsxlralvu/image/upload/v1765667986/g8yxuriydcmhntlymv3i.jpg,portrait,usa,https://www.pinterest.com/pin/515873332338384454/,redwood_nationalpark,,"Sunset on the Pacific in DeMartin Beach, Klamath, California",,,
https://res.cloudinary.com/dsxlralvu/image/upload/v1765667986/totzqczyze9tkyhwssh7.jpg,portrait,usa,,redwood_nationalpark,,,,,
https://res.cloudinary.com/dsxlralvu/image/upload/v1765667986/bdrs3nt5vafhz1lcbxlc.jpg,portrait,usa,,redwood_nationalpark,,,,,
https://res.cloudinary.com/dsxlralvu/image/upload/v1765667985/qt3so6tq3kstqvpwy9up.jpg,portrait,usa,https://www.pinterest.com/pin/515873332338435423/,redwood_nationalpark,,"Sunset on the Pacific in DeMartin Beach, Klamath, California",,,
https://res.cloudinary.com/dsxlralvu/image/upload/v1765667984/lkjn8iespedhgtxyfcp2.jpg,portrait,usa,https://www.pinterest.com/pin/515873332338384460/,redwood_nationalpark,,"Sunset on the Pacific in DeMartin Beach, Klamath, California",,,
https://res.cloudinary.com/dsxlralvu/image/upload/v1765667983/qtwxpg5zjdtc17rnqmwv.jpg,portrait,usa,https://www.pinterest.com/pin/515873332338398669/,redwood_nationalpark,,,,,
https://res.cloudinary.com/dsxlralvu/image/upload/v1765667983/izcv0klffpk8oukc7rox.jpg,portrait,usa,https://www.pinterest.com/pin/515873332340988723/,redwood_nationalpark,,"Sunset on the Pacific in DeMartin Beach, Klamath, California",,,
https://res.cloudinary.com/dsxlralvu/image/upload/v1765667982/reu9jj9eexbqdworovwa.jpg,portrait,usa,https://www.pinterest.com/pin/515873332340988724/,redwood_nationalpark,,"Sunset on the Pacific in DeMartin Beach, Klamath, California",,,
https://res.cloudinary.com/dsxlralvu/image/upload/v1765667982/ng2souamfrhrlm4jdbaz.jpg,portrait,usa,https://www.pinterest.com/pin/515873332340988725/,redwood_nationalpark,,"Sunset on the Pacific in DeMartin Beach, Klamath, California",,,
https://res.cloudinary.com/dsxlralvu/image/upload/v1765667982/spon2v6dj6qxvgn3n6h8.jpg,portrait,usa,https://www.pinterest.com/pin/515873332338384444/,redwood_nationalpark,,"Sunset on the Pacific in DeMartin Beach, Klamath, California",,,
https://res.cloudinary.com/dsxlralvu/image/upload/v1765411733/vogv5evpanxqdd8xn8le.jpg,portrait,usa,,mendocino,,,,,
https://res.cloudinary.com/dsxlralvu/image/upload/v1765411733/xvnzacv5huqqq6odfupq.jpg,portrait,usa,,mendocino,,,,,
https://res.cloudinary.com/dsxlralvu/image/upload/v1764886417/5B744469-502D-43F4-A8FB-712D55618B8C_4_5005_c_idlgib.jpg,portrait,usa,https://www.pinterest.com/pin/515873332338232100/,mendocino,Lobby of Stanford Inn Resort,Lobby of Stanford Inn Resort,,,
https://res.cloudinary.com/dsxlralvu/image/upload/v1764886468/mendocino4.jpg,portrait,usa,https://www.pinterest.com/pin/515873332338212848/,mendocino,Llama at Stanford Hotel,Llama at Stanford Hotel,,,
https://res.cloudinary.com/dsxlralvu/image/upload/v1764886496/0754EA0C-BFCC-42B8-9BFE-F69A540E8D94_4_5005_c_quvjvp.jpg,portrait,usa,,mendocino,,,,,
https://res.cloudinary.com/dsxlralvu/image/upload/v1764886014/8F922CC7-3D74-4162-B1A6-F2037EC24DD8_1_102_a_ydxeeh.jpg,portrait,usa,,mendocino,,,,True,
https://res.cloudinary.com/dsxlralvu/image/upload/v1764885994/DB4499F2-A1AB-4717-9EAB-95BA559B59E7_1_102_a_pzabvy.jpg,portrait,usa,https://www.pinterest.com/pin/515873332338346062/,mendocino,,,,,
https://res.cloudinary.com/dsxlralvu/image/upload/v1764885986/602DDDF7-F194-4927-92B7-11F1C33086A7_1_102_a_ufgwmr.jpg,portrait,usa,https://www.pinterest.com/pin/515873332338337300/,mendocino,,,,,
https://res.cloudinary.com/dsxlralvu/image/upload/v1761167323/tokyo1.jpg,portrait,japan,https://www.pinterest.com/pin/515873332340988726/,tokyo,Various shop signs in Shinjuku,Signs in Shinjuku,,True,
https://res.cloudinary.com/dsxlralvu/image/upload/v1761167320/kyoto1.jpg,portrait,japan,https://www.pinterest.com/pin/515873332340988727/,kyoto,Temple in Kyoto,Temple in Kyoto,,True,
https://res.cloudinary.com/dsxlralvu/image/upload/v1761167308/seoul1.jpg,portrait,korea,https://www.pinterest.com/pin/515873332340988728/,seoul,Palace in Seoul,Palace in Seoul,,True,
https://res.cloudinary.com/dsxlralvu/image/upload/v1760309575/redwood1.jpg,portrait,usa,https://www.pinterest.com/pin/515873332338553075/,redwood_nationalpark,Moss covered trees in Redwood National Park,Moss covered trees in Redwood National Park,,,
https://res.cloudinary.com/dsxlralvu/image/upload/v1760309575/mendocino1.jpg,portrait,usa,https://www.pinterest.com/pin/515873332340988729/,mendocino,Ocean view in Mendocino,Ocean view in Mendocino,,,
https://res.cloudinary.com/dsxlralvu/image/upload/v1760309573/mendocino2.jpg,portrait,usa,https://www.pinterest.com/pin/515873332338232103/,mendocino,Cat sleeping at hotel in Mendocino,Cat sleeping at hotel in Mendocino,,,
